{
  "starting_value": 10000000.0,
  "final_value": 10531478.48,
  "pnl": 531478.48,
  "pnl_pct": 5.3148,
  "sharpe_ratio": 3.775829,
  "turnover_ratio": 0.2708,
  "total_ticks": 390,
  "total_orders": 14,
  "llm_calls_used": 60,
  "llm_quota": 60,
  "tc004_compliant": true,
  "tc005_compliant": true,
  "generated_at": "2026-04-12T12:28:49.406896+00:00"
}